Model,Accuracy,Accuracy_std,Precision,Precision_std,Recall,Recall_std,F1,F1_std,ROC_AUC,ROC_AUC_std,AUC_PR,MCC,Kappa,Specificity,NPV,Brier,LogLoss,InferenceMs,VQC_Config
XGBoost,0.99,0.016583,0.992308,0.015385,0.992,0.024,0.991912,0.013605,0.998667,0.004,0.999264,0.979564,0.9788,0.986667,0.988235,0.008894,0.034232,0.0356,
Classical TabTransformer,0.995,0.015,0.996,0.012,0.996,0.012,0.996,0.012,0.9992,0.0024,0.999571,0.989333,0.989333,0.993333,0.993333,0.004068,0.013675,0.0,
LightGBM,0.9925,0.011456,0.996154,0.011538,0.992,0.016,0.993958,0.009232,0.999733,0.0008,0.999846,0.98447,0.984068,0.993333,0.9875,0.005065,0.02217,0.0552,
MLP,0.9975,0.0075,1.0,0.0,0.996,0.012,0.997959,0.006122,1.0,0.0,1.0,0.994868,0.994737,1.0,0.99375,0.002418,0.009585,0.005,
Hybrid Quantum Transformer,0.9825,0.019526,0.992154,0.015696,0.98,0.026833,0.985791,0.01592,0.996267,0.008698,0.99831,0.963901,0.963012,0.986667,0.969069,0.012044,0.044234,0.9363,4q-2L
