Model,Accuracy,Accuracy_std,Precision,Precision_std,Recall,Recall_std,F1,F1_std,ROC_AUC,ROC_AUC_std
XGBoost,0.8158018867924529,0.01852428817533862,0.3369194516478736,0.07787421164176989,0.2019951923076923,0.047991035060632195,0.2484945553032461,0.05043393412568212,0.6671558979046139,0.04151549077482419
Classical TabTransformer,0.7976415094339623,0.030365050829115253,0.32766856067036476,0.05135959942412025,0.29048076923076926,0.08843202109965163,0.29766339021011357,0.054712901974352524,0.6970665925276172,0.03573474770708506
Hybrid Quantum Transformer,0.7804245283018869,0.04133014991836868,0.3143018981656752,0.06599303408946516,0.3429567307692308,0.1248183799834535,0.3111848255117726,0.08231902316109099,0.6860324169553366,0.0326179145814022
