{
  "kta_ckd": {
    "kta_quantum_vs_ideal": 0.1803446950944214,
    "kta_rbf_vs_ideal": 0.1901961636746879,
    "kta_quantum_vs_rbf": 0.9745520188106129,
    "n_samples_used": 100
  },
  "barren_plateau_6q3L": {
    "n_params_checked": 17,
    "mean_gradient_variance": 0.4219186936012086,
    "min_gradient_variance": 0.0054250797256827354,
    "max_gradient_variance": 4.820174694061279,
    "gradient_variances": [
      4.820174694061279,
      0.03109937720000744,
      0.1366112232208252,
      0.37884196639060974,
      0.041205815970897675,
      0.0054250797256827354,
      0.20886927843093872,
      0.11217018216848373,
      0.0107851168140769,
      0.022126708179712296,
      0.18220128118991852,
      0.01950683444738388,
      0.009235860779881477,
      0.09094836562871933,
      0.049484044313430786,
      0.05428887531161308,
      0.999643087387085
    ],
    "plateau_detected": false,
    "config": "6q-3L"
  }
}